Rang;Type de document;Prêts;Titre;Auteur
509;Bande dessinée jeunesse;804;Au coeur du maelström;Vehlmann, Fabien
511;Bande dessinée jeunesse;803;Une jolie vache [Texte imprimé];Guibert, Emmanuel
512;Livre jeunesse;801;Le théâtre de Barbapapa [Texte imprimé];Tison, Annette
513;Bande dessinée adulte;801;Astérix chez les Belges [Texte imprimé];Goscinny, René
518;Bande dessinée jeunesse;797;On revasse ? [Texte imprimé];Cauvin, Raoul
524;Livre adulte;791;Un lieu incertain [Texte imprimé];Vargas, Fred
526;Livre jeunesse;788;L'élixir de jouvence;Gilson, François
530;Bande dessinée adulte;784;Fairy Tail. 16;Mashima, Hiro
531;Livre adulte;783;Une femme fuyant l'annonce : roman;Grossman, David
535;Revue adulte;781;Rustica hebdo [texte imprimé];
543;Bande dessinée jeunesse;774;A l'école des maléfices [Texte imprimé];Gilson, François
545;Nouveauté;773;Les neuf dragons : une enquête de Harry Bosch : roman;Connelly, Michael
546;Nouveauté;772;L'homme inquiet;Mankell, Henning
548;Bande dessinée jeunesse;766;Aya de Yopougon. 6;Abouet, Marguerite
549;Bande dessinée jeunesse;765;Bienvenue au club ! [Texte imprimé];Cohen, Jacqueline
553;Bande dessinée ado;763;Fairy Tail. 6;Mashima, Hiro
554;Bande dessinée jeunesse;761;Les schtroumpfs joueurs [Texte imprimé];Parthoens, Luc
556;Livre adulte;760;La princesse des glaces [Texte imprimé] : roman;Läckberg, Camilla
565;Nouveauté;751;La tristesse du samouraï [Texte imprimé] : roman;Arbol, Victor del
569;Bande dessinée adulte;748;Le bouclier arverne [Texte imprimé];Goscinny, René
570;Bande dessinée jeunesse;748;Ballet enchanté [Texte imprimé];Gilson, François
572;Bande dessinée ado;748;Fairy Tail. 2 [Texte imprimé];Mashima, Hiro
573;Nouveauté;748;Purge;Oksanen, Sofi
577;Nouveauté;745;Faute de preuves;Coben, Harlan
580;Bande dessinée jeunesse;742;Chat académie [Texte imprimé];Davis, Jim
582;Bande dessinée ado;740;Fairy Tail. 8;Mashima, Hiro
598;Bande dessinée jeunesse;731;280 de Q.I. ! [Texte imprimé];Godi, Bernard
847;Revue adulte;612;SVM Mac [texte imprimé];
850;Livre adulte;612;La liste de mes envies;Delacourt, Grégoire
861;Livre jeunesse;607;Le chantier [Texte imprimé];Ledu, Stéphanie
871;CD jeunesse;605;Coco et le poisson Ploc [Enregistrement sonore];Du Bouchet, Paule
875;CD jeunesse;604;Comptines des animaux de la ferme [Multimédia multisupport];Prual, Yves
876;Nouveauté;604;Mémoire morte [Texte imprimé];Westlake, Donald E.
976;Livre adulte;570;Le léopard;Nesbo, Jo
977;Livre sonore jeunesse;570;Comptines pour chanter la ferme [Multimédia multisupport];Hudrisier, Cécile
980;Livre jeunesse;569;Le requin;Fuhr, Ute
986;Livre jeunesse;565;Le déjeuner de la petite ogresse [Texte imprimé];Vaugelade, Anaïs
988;Livre jeunesse;564;Okilélé [Texte imprimé];Ponti, Claude
989;Bande dessinée adulte;564;Poulet aux prunes [Texte imprimé];Satrapi, Marjane
998;Livre jeunesse;560;Mille secrets de poussins [Texte imprimé];Ponti, Claude
1000;Bande dessinée jeunesse;560;Le bouclier arverne [Texte imprimé];Goscinny, René
620;Bande dessinée ado;717;Tout est bon dans le garçon ! [Texte imprimé];Darasse
626;Livre adulte;715;Le pacte;Kepler, Lars
627;Livre adulte;714;Le prince de la brume;Ruiz Zafón, Carlos
630;Bande dessinée jeunesse;712;Alerte à la plantaline [Texte imprimé];Pommaux, Yvan
642;Bande dessinée jeunesse;705;Comme sur des roulettes [Texte imprimé];Laudec
647;Bande dessinée ado;703;Naruto. 4 [Texte imprimé];Kishimoto, Masashi
648;Bande dessinée ado;703;Naruto. 24 [Texte imprimé];Kishimoto, Masashi
665;Bande dessinée jeunesse;697;La Belle et La Bête [Texte imprimé];Gilson, François
667;Bande dessinée jeunesse;696;Parasite sur canapé [Texte imprimé];Laudec
670;Livre adulte;696;Le deuil et l'oubli;Harvey, John
672;Bande dessinée jeunesse;694;Cygne d'étang [Texte imprimé];Laudec
676;Livre jeunesse;693;Roule galette [Texte imprimé];Caputo, Natha
680;Bande dessinée jeunesse;690;Le génie donne sa langue au chat [Texte imprimé];Groot, Bob De
684;Nouveauté;688;Le palais de minuit [Texte imprimé];Ruiz Zafón, Carlos
704;Livre adulte;679;Le prédicateur;Läckberg, Camilla
708;Revue adulte;677;Les Dossiers d'archéologie [texte imprimé];
711;Nouveauté;677;Instinct de survie : une enquête de l'inspecteur McKenzie;Deaver, Jeffery
716;Bande dessinée ado;674;Naruto. 32 [Texte imprimé];Kishimoto, Masashi
718;Livre jeunesse;674;Une soupe au caillou [Texte imprimé];Vaugelade, Anaïs
719;Bande dessinée ado;674;Naruto. 36 [Texte imprimé];Kishimoto, Masashi
731;Bande dessinée ado;670;Le vieux schnock [Texte imprimé];Oda, Eiichiro
736;Bande dessinée ado;669;Naruto. 40;Kishimoto, Masashi
737;Nouveauté;668;La ligne de courtoisie;Fargues, Nicolas
741;Bande dessinée ado;665;Gear [Texte imprimé];Oda, Eiichiro
742;Livre adulte;664;Les hommes qui n'aimaient pas les femmes [Texte imprimé] : roman;Larsson, Stieg
755;Bande dessinée ado;652;Gaston. 4 [Texte imprimé];Franquin, André
769;Revue non empruntable;647;Inazuma eleven. 1;Yabuno, Tenya
776;Bande dessinée ado;642;Le pire brigand de tout East-Blue [Texte imprimé];Oda, Eiichiro
777;Livre jeunesse;642;Le tunnel [Texte imprimé];Browne, Anthony
785;Livre jeunesse;641;Le livre de la nuit [Texte imprimé];Berner, Rotraut Susanne
786;Bande dessinée jeunesse;640;Catastrophe naturelle [Texte imprimé];Bertschy
788;Livre adulte;639;Claustria : roman;Jauffret, Régis
791;Revue adulte;638;Grazia [texte imprimé];
805;Bande dessinée jeunesse;631;Astérix en Corse [Texte imprimé];Goscinny, René
808;Nouveauté;629;Histoire du pied : et autres fantaisies : nouvelles;Le Clézio, Jean-Marie Gustave
815;Bande dessinée jeunesse;626;Le lézard de l'ombre;Derib
824;;623;Quai d'Orsay : chroniques diplomatiques. 2;Lanzac, Abel
832;Livre jeunesse;618;Clic, crac... C'est le loup ? [Texte imprimé];Maubille, Jean
834;Livre adulte;617;La vie très privée de Mr Sim : roman;Coe, Jonathan
840;Bande dessinée jeunesse;615;Calamité à plein temps [Texte imprimé];Bertschy
890;Livre jeunesse;598;La tototte [Texte imprimé];Lindgren, Barbro
892;Nouveauté;597;L'hypnotiseur;Kepler, Lars
896;Bande dessinée jeunesse;596;Oh ! la mer ! [Texte imprimé];Guibert, Emmanuel
898;Bande dessinée ado;595;Gaston. 3 [Texte imprimé];Franquin, André
899;CD jeunesse;595;Mon imagier des amusettes . 2 [Multimédia multisupport] : 16 chansons à gestes pour les tout-petits;Bustarret, Anne
908;Bande dessinée ado;593;Mes amis à poils;Tome
909;Revue adulte;592;Technik'art [texte imprimé] : magazine gratuit de la création;
913;Bande dessinée adulte;591;Furari : au gré du vent;Taniguchi, Jirô
918;Bande dessinée jeunesse;589;Rapt à l'Opéra [Texte imprimé];Pommaux, Yvan
926;Bande dessinée jeunesse;585;Contes de la pleine lune [Texte imprimé];Gilson, François
928;Livre jeunesse;585;Pin-pon !;Mase, Naokata
930;Bande dessinée jeunesse;584;Anatole Latuile [Texte imprimé] : c'est parti !;Didier, Anne
937;Bande dessinée jeunesse;582;Un train d'enfer [Texte imprimé];Pommaux, Yvan
942;Livre jeunesse;581;L'arbre sans fin [Texte imprimé];Ponti, Claude
943;Bande dessinée ado;581;Gaston. 15 [Texte imprimé];Franquin, André
949;;579;Royal romance : roman;Weyergans, François
953;Bande dessinée jeunesse;577;En remontant le Mississipi [Texte imprimé];Morris
954;;577;L'étrange voyage de monsieur Daldry : roman;Lévy, Marc
966;Bande dessinée jeunesse;573;En quête d'amour;Tessier, Grégory
842;Bande dessinée jeunesse;614;Génie du stop;Groot, Bob De
849;Nouveauté;612;La petite fille de ses rêves;Leon, Donna
851;Livre adulte;612;7 ans après...;Musso, Guillaume
854;Bande dessinée adulte;610;Astérix chez les Helvètes [Texte imprimé];Goscinny, René
860;Livre jeunesse;608;La toute petite dame [Texte imprimé];Barton, Byron
864;Bande dessinée adulte;607;La bar-mitsva [Texte imprimé];Sfar, Joann
869;Nouveauté;606;L'inconnue de Birobidjan;Halter, Marek
877;Bande dessinée ado;603;L'homme qui valait cent millions [Texte imprimé];Oda, Eiichiro
879;Livre jeunesse;602;La famille Souris prépare le nouvel an [Texte imprimé];Iwamura, Kazuo
881;Bande dessinée jeunesse;600;Quel cirque ! [Texte imprimé];Verron, Laurent
882;Bande dessinée ado;600;Ace entre en scène [Texte imprimé];Oda, Eiichiro
888;Livre sonore jeunesse;598;Poule rousse [Multimédia multisupport];Lida
897;Bande dessinée jeunesse;596;Il faut éliminer Toxine [Texte imprimé];Sfar, Joann
900;Bande dessinée jeunesse;595;Astérix et Cléopâtre [Texte imprimé];Goscinny, René
902;Bande dessinée jeunesse;594;Karaté ! [Texte imprimé];Guibert, Emmanuel
911;Nouveauté;592;Le système Victoria : roman;Reinhardt, Éric
917;Livre jeunesse;590;Gros pipi;Jadoul, Emile
921;Bande dessinée jeunesse;586;Main du futur [Texte imprimé];Sobral, Patrick
933;Livre jeunesse;583;Non ! [Texte imprimé];Ashbé, Jeanne
935;Livre jeunesse;583;Au lit tout le monde ! [Texte imprimé];Poussier, Audrey
951;Livre jeunesse;578;Le petit cochon tetu [Texte imprimé];Le Craver, Jean-Louis
961;Bande dessinée jeunesse;574;L'étrange rendez-vous [Texte imprimé];Van Hamme, Jean
962;Bande dessinée jeunesse;574;Le retour du lapin magicien [Texte imprimé];Derib
967;;573;Le grand Coeur [Texte imprimé] : roman;Rufin, Jean-Christophe
979;Nouveauté;570;Double identité [Texte imprimé] : roman;Van Cauwelaert, Didier
990;Bande dessinée jeunesse;563;N'oublie pas ta capuche! [Texte imprimé];Tome
991;Bande dessinée ado;563;Naruto. 15 [Texte imprimé];Kishimoto, Masashi
995;Livre jeunesse;561;Mademoiselle Sauve-qui-peut [Texte imprimé];Corentin, Philippe
15;Revue adulte;7016;Que choisir ? [texte imprimé];
19;Revue adulte;6589;60 millions de consommateurs [texte imprimé] : le magazine sans publicité;
20;Revue adulte;6531;Le Point [texte imprimé];
30;Revue jeunesse;4538;Images doc [texte imprimé] : un trésor d'images pour tout savoir;
31;Revue adulte;4397;La Science et la vie [texte imprimé];
35;Revue adulte;4292;Le Figaro magazine [texte imprimé];
36;Revue jeunesse;4200;Wakou [texte imprimé];
38;Revue adulte;4147;Santé magazine [texte imprimé];
39;Revue jeunesse;4095;J'apprends à lire [texte imprimé];
47;Revue jeunesse;3642;Wapiti [texte imprimé] : un oeil futé sur la nature;
49;Revue jeunesse;3517;Youpi [texte imprimé] : le journal des grands curieux de 3 à 7 ans;
52;Revue adulte;3243;M, le nouveau magazine du Monde [Texte imprimé];
53;Revue adulte;3196;Marie-Claire [texte imprimé];
59;Revue adulte;2943;Le Particulier [texte imprimé] : la documentation pratique des particuliers;
60;Revue jeunesse;2895;Tralalire [texte imprimé] : bienvenue dans le monde des histoires : 2-5 ans;
62;Revue jeunesse;2757;D lire [texte imprimé] : 9-13 ans;
67;Revue adulte;2639;Fluide glacial [texte imprimé];
70;Revue adulte;2535;L'Ami des jardins et de la maison [texte imprimé];
76;Revue adulte;2477;Historia [texte imprimé];
78;Revue adulte;2456;Internet pratique [Texte imprimé];
82;Revue jeunesse;2376;Mille et une histoires [texte imprimé] : 3-7 ans;
83;Revue adulte;2362;Vocable [texte imprimé] : espagnol;
84;Revue adulte;2355;Notre temps [texte imprimé];
85;Livre jeunesse;2328;Lili est stressée par la rentrée;Saint-Mars, Dominique de
86;Revue adulte;2307;Time [texte imprimé] : the weekly newsmagazine;
89;Bande dessinée jeunesse;2277;Increvables !;Cohen, Jacqueline
95;Revue adulte;2203;Détours en France [texte imprimé] : paysage, habitat, gastronomie, flore, faune;
101;Revue adulte;2134;Jeune Afrique [texte imprimé] : hebdomadaire africain et international indépendant;
104;Livre jeunesse;2090;Max et lili sont fans de marques [Texte imprimé];Saint-Mars, Dominique de
117;Revue adulte;1954;Causette [Texte imprimé] : plus féminine du cerveau que du capiton;
127;CD jeunesse;1823;Max et Lili se posent des questions sur Dieu [Texte imprimé];Saint Mars, Dominique de
128;Revue adulte;1815;Rock & folk [texte imprimé];
129;Bande dessinée jeunesse;1804;Max et Lili fêtent Noël en famille [Texte imprimé];Saint Mars, Dominique de
137;Bande dessinée jeunesse;1765;Idylles [Texte imprimé];Neel, Julien
141;Bande dessinée jeunesse;1752;Drôle de cirque ! [Texte imprimé];Cohen, Jacqueline
144;Bande dessinée jeunesse;1728;Max ne respecte rien [Texte imprimé];Saint-Mars, Dominique de
148;Bande dessinée jeunesse;1682;Max se trouve nul [Texte imprimé];Saint-Mars, Dominique de
150;Bande dessinée jeunesse;1669;Lili veut un petit chat [Texte imprimé];Saint Mars, Dominique de
151;Bande dessinée jeunesse;1668;Lili veut etre une star [Texte imprimé];Saint Mars, Dominique de
157;Bande dessinée jeunesse;1642;Lili regarde trop la télé [Texte imprimé];Saint Mars, Dominique de
160;Revue adulte;1633;Newsweek [texte imprimé] : international news magazine;
163;Bande dessinée jeunesse;1623;Max est racketté [Texte imprimé];Saint Mars, Dominique de
166;Revue jeunesse;1598;I love english junior [multimédia multisupport] : spécial débutants;
176;Bande dessinée jeunesse;1550;Marlène grignote tout le temps [Texte imprimé];Saint-Mars, Dominique de
180;Bande dessinée jeunesse;1528;Max va à l'hopital [Texte imprimé];Saint Mars, Dominique de
181;Revue jeunesse;1528;Toupie [texte imprimé];
188;Bande dessinée jeunesse;1513;Tremblez, carcasses ! [Texte imprimé];Cohen, Jacqueline
190;Revue adulte;1510;Le Monde des religions [texte imprimé];
202;Bande dessinée jeunesse;1463;Lili est fâchée avec sa copine [Texte imprimé];Saint Mars, Dominique de
203;Bande dessinée jeunesse;1462;Max est dans la lune [Texte imprimé];Saint-Mars, Dominique de
215;Bande dessinée jeunesse;1429;Le réveil du Kréa-Kaos [Texte imprimé];Sobral, Patrick
216;Bande dessinée jeunesse;1426;Grand-père est mort [Texte imprimé];Saint Mars, Dominique de
217;Bande dessinée jeunesse;1420;Salut, les zinzins ! [Texte imprimé];Cohen, Jacqueline
218;Bande dessinée jeunesse;1419;Max et Lili se sont perdus [Texte imprimé];Saint Mars, Dominique de
225;Bande dessinée jeunesse;1400;Ca va chauffer ! [Texte imprimé];Cohen, Jacqueline
233;Revue adulte;1363;L'Auto-journal [texte imprimé] : combat pour l'automobile;
235;Bande dessinée jeunesse;1358;Tom-Tom et l'impossible Nana [Texte imprimé];Cohen, Jacqueline
237;Bande dessinée jeunesse;1354;Lili veut de l'argent de poche [Texte imprimé];Saint Mars, Dominique de
239;Bande dessinée jeunesse;1351;Lili découvre sa Mamie [Texte imprimé];Saint Mars, Dominique de
244;Bande dessinée jeunesse;1335;Coeur du passé [Texte imprimé];Sobral, Patrick
247;Bande dessinée jeunesse;1331;Griffes et plumes [Texte imprimé];Sobral, Patrick
250;Bande dessinée jeunesse;1325;Alex est handicapé [Texte imprimé];Saint Mars, Dominique de
251;Bande dessinée jeunesse;1321;Max décide de faire des efforts;Saint-Mars, Dominique de
259;Livre jeunesse;1290;Max est maladroit [Texte imprimé];Saint-Mars, Dominique de
260;Bande dessinée jeunesse;1280;La pierre de Jovénia [Texte imprimé];Sobral, Patrick
270;Bande dessinée jeunesse;1253;La tribu des affreux [Texte imprimé];Cohen, Jacqueline
279;Bande dessinée jeunesse;1237;Le schtroumpf reporter [Texte imprimé];Parthoens, Luc
280;Bande dessinée jeunesse;1234;L'élève dépasse le mètre;Coppée, Thierry
284;Livre jeunesse;1219;Les blagues de Toto. 7. La classe qui rit;Coppée, Thierry
288;Bande dessinée adulte;1208;Le domaine des dieux [Texte imprimé];Goscinny, René
289;Bande dessinée jeunesse;1207;Aube et crépuscule [Texte imprimé];Sobral, Patrick
290;Nouveauté;1207;Cyanure;Läckberg, Camilla
662;Bande dessinée jeunesse;699;L'artiste peintre [Texte imprimé];Groot, Bob De
664;Bande dessinée adulte;697;Astérix le Gaulois [Texte imprimé];Goscinny, René
673;Bande dessinée jeunesse;694;Superstars [Texte imprimé];Cohen, Jacqueline
682;Bande dessinée ado;689;Naruto. 13 [Texte imprimé];Kishimoto, Masashi
685;Livre jeunesse;687;Le papa qui avait 10 enfants [Texte imprimé];Guettier, Bénédicte
985;Bande dessinée jeunesse;566;Trafics en Afrique [Texte imprimé];Fonteneau, Jean-Louis
503;Bande dessinée jeunesse;806;Classe tous risques [Texte imprimé];Laudec
504;Bande dessinée jeunesse;806;Le petit Spirou. 14. Bien fait pour toi !;Janry
510;Bande dessinée jeunesse;803;Le cimetière des autobus [Texte imprimé];Neel, Julien
519;Bande dessinée adulte;797;Astérix gladiateur [Texte imprimé];Goscinny, René
522;Bande dessinée jeunesse;794;La clandestine;Pommaux, Yvan
532;Revue adulte;782;Etapes [texte imprimé] : graphisme, design, image, création;
538;Bande dessinée jeunesse;778;Mon meilleur ami;Verron, Laurent
540;Nouveauté;776;Jusqu'à la folie : roman;Kellerman, Jesse
541;Bande dessinée ado;775;Fairy Tail. 4;Mashima, Hiro
542;Nouveauté;775;Du domaine des murmures;Martinez, Carole
547;Bande dessinée jeunesse;769;Où est Garfield ? [Texte imprimé];Davis, Jim
561;Livre adulte;755;Fairy Tail. 5;Mashima, Hiro
563;Livre adulte;752;Le passager;Grangé, Jean-Christophe
564;Bande dessinée jeunesse;751;Alerte en classe verte [Texte imprimé];Pommaux, Yvan
568;Nouveauté;749;Les souvenirs;Foenkinos, David
571;Bande dessinée ado;748;Tu dépasses ! [Texte imprimé];Darasse
586;Nouveauté;739;Vertige : thriller;Thilliez, Franck
587;Bande dessinée jeunesse;738;Seuls. 2. Le maître des couteaux [Texte imprimé];Gazzotti, Bruno
588;Livre jeunesse;737;Sur le chantier [Texte imprimé];Barton, Byron
590;Bande dessinée jeunesse;736;C'est la fete ! [Texte imprimé];Davis, Jim
593;Revue adulte;734;"Système D [texte imprimé] : des réalisations à faire soi-même ; [dir. publ. J.P. Ventillard]";
599;Revue jeunesse;731;Dada [texte imprimé] : première revue d'art pour enfants de 6 à 106 ans;
604;Bande dessinée ado;729;Rythme scolaire [Texte imprimé];Pica
606;Bande dessinée ado;727;Combien ? [Texte imprimé];Darasse
615;Bande dessinée jeunesse;721;Malédiction !;Clarke
616;Bande dessinée adulte;721;Fairy Tail. 13;Mashima, Hiro
622;Bande dessinée ado;716;Naruto. 19 [Texte imprimé];Kishimoto, Masashi
625;Bande dessinée adulte;715;Astérix en Hispanie [Texte imprimé];Goscinny, René
629;Bande dessinée ado;712;Gaston. 10 [Texte imprimé];Franquin, André
631;Bande dessinée ado;711;La légende est en marche [Texte imprimé];Oda, Eiichiro
637;Livre jeunesse;708;Bonjour, poussin [Texte imprimé];Ginsburg, Mirra
645;Livre jeunesse;705;Joyeux anniversaire !;Nakagawa, Chihiro
651;Livre jeunesse;702;Mimi va camper [Texte imprimé];Cousins, Lucy
652;Revue adulte;702;Valeurs actuelles [texte imprimé];
659;Bande dessinée ado;699;Sois forte [Texte imprimé];Oda, Eiichiro
695;Livre jeunesse;682;Pour la vie;Corbeyran, Eric
696;Nouveauté;682;La rivière noire;Arnaldur Indridason
705;Bande dessinée adulte;678;Astérix légionnaire [Texte imprimé];Goscinny, René
710;Revue jeunesse;677;Papoum [texte imprimé] : le journal des bébés : le premier journal en forme de maison pour tous les bébés;
717;Livre jeunesse;674;Bonsoir lune [Texte imprimé];Brown, Margaret Wise
720;Revue adulte;674;Rebondir [texte imprimé] : le magazine anti-chômage;
721;Livre jeunesse;673;Mon papa [Texte imprimé];Browne, Anthony
726;Bande dessinée jeunesse;672;Graine de cocker [Texte imprimé];Verron, Laurent
733;Bande dessinée jeunesse;670;Record battu !;Didier, Anne
747;Bande dessinée jeunesse;659;"Docteur génie et Mister ""aïe"" [Texte imprimé]";Groot, Bob De
756;Livre jeunesse;652;Les transports;Gravier, Delphine
758;Bande dessinée ado;651;Aux prises avec baggy et ses hommes ! [Texte imprimé];Oda, Eiichiro
773;Bande dessinée ado;643;Naruto. 18 [Texte imprimé];Kishimoto, Masashi
778;Livre jeunesse;642;Ma maman [Texte imprimé];Browne, Anthony
783;Bande dessinée jeunesse;641;Pizza tomik [Texte imprimé];Guibert, Emmanuel
787;Livre jeunesse;639;Mon pull [Texte imprimé];Poussier, Audrey
789;Bande dessinée ado;638;Tempete sur Saint-Roch [Texte imprimé];Pommaux, Yvan
796;Bande dessinée ado;635;Naruto. 30 [Texte imprimé];Kishimoto, Masashi
797;Bande dessinée ado;635;Gaston. 14 [Texte imprimé];Franquin, André
799;Livre adulte;634;La délicatesse : roman;Foenkinos, David
800;Livre adulte;634;Intermittence;Camilleri, Andrea
801;Nouveauté;633;La femme au miroir;Schmitt, Éric-Emmanuel
809;Nouveauté;629;Tangente vers l'Est;Kerangal, Maylis de
812;Bande dessinée jeunesse;627;Le schtroumpf sauvage [Texte imprimé];Parthoens, Luc
813;;627;La page blanche;Boulet
814;Livre jeunesse;626;Une farce [Texte imprimé];Poussier, Audrey
816;Bande dessinée adulte;626;Habibi;Thompson, Craig
823;Nouveauté;623;Une nuit, sur la mer : roman;MacDonald, Patricia J.
830;Livre jeunesse;618;Où est Charlie ? A Hollywood [Texte imprimé];Handford, Martin
839;Nouveauté;616;Les vaches de Staline;Oksanen, Sofi
841;Bande dessinée ado;615;Naruto. 41;Kishimoto, Masashi
843;;614;Volte-face : roman;Connelly, Michael
855;Bande dessinée jeunesse;609;Zacar et les zacariens [Texte imprimé];Sfar, Joann
859;Livre adulte;608;Les dames de Rome : roman;Chandernagor, Françoise
862;Livre jeunesse;607;Bonne nuit, Spot ! [Texte imprimé];Hill, Eric
865;Bande dessinée jeunesse;606;Astérix légionnaire [Texte imprimé];Goscinny, René
866;Livre jeunesse;606;Un train passe;Crews, Donald
880;Livre adulte;601;Le journal intime d'un arbre;Van Cauwelaert, Didier
883;Bande dessinée ado;599;Gaston. 8 [Texte imprimé];Franquin, André
889;DVD < 13 ans;598;Les aventures des Barbapapa [Images animées];
894;Livre jeunesse;596;Où est Spot, mon petit chien ? [Texte imprimé];Hill, Eric
904;Nouveauté;594;Le ravissement de Britney Spears;Rolin, Jean
915;Bande dessinée ado;590;Naruto. 21 [Texte imprimé];Kishimoto, Masashi
925;Bande dessinée ado;585;Les reves [Texte imprimé];Oda, Eiichiro
931;Nouveauté;584;Le siècle;Follett, Ken
932;Bande dessinée ado;583;Gaston. 6 [Texte imprimé];Franquin, André
946;Bande dessinée jeunesse;580;En roue libre [Texte imprimé];Davis, Jim
952;Bande dessinée jeunesse;578;La flûte à six schtroumpfs [Texte imprimé];Peyo
958;Bande dessinée jeunesse;576;Sang bleu chez les Bleus;Cauvin, Raoul
963;Bande dessinée jeunesse;574;Chocolats et coups fourrés [Texte imprimé];Garray, Pascal
964;Bande dessinée jeunesse;573;Bienvenue en enfer [Texte imprimé];Fonteneau, Jean-Louis
972;Livre jeunesse;571;Le pou et la puce [Texte imprimé] : une histoire;Gay-Para, Praline
973;Livre jeunesse;571;Un livre;Tullet, Hervé
982;Livre jeunesse;568;Guillaume, l'apprenti sorcier [Texte imprimé];Ungerer, Tomi
5;Revue ado;14399;Okapi [texte imprimé];
9;Revue jeunesse;9130;Julie [texte imprimé] : vive les filles : de 8 à 12 ans;
10;Revue jeunesse;9065;Popi [texte imprimé] : dès 1 an;
13;Revue ado;7309;Science & vie junior [texte imprimé];
14;Revue adulte;7215;Le Nouvel observateur [texte imprimé];
7;Revue adulte;9452;Micro hebdo [texte imprimé] : simplifiez-vous la micro;
11;Revue jeunesse;7623;Pomme d'api [texte imprimé];
12;Revue adulte;7519;Marianne [texte imprimé];
21;Revue adulte;6420;Les Inrockuptibles [texte imprimé];
22;Revue adulte;6269;Madame Figaro [texte imprimé];
23;Revue jeunesse;6245;Les P'tites sorcières [texte imprimé];
24;Revue jeunesse;6205;Je lis des histoires vraies [texte imprimé];
25;Revue adulte;6123;Géo [texte imprimé];
27;Revue adulte;5848;Psychologies [magazine] [texte imprimé] : comprendre, savoir, agir dans le monde d'aujourd'hui;
28;Revue adulte;5488;Courrier international [texte imprimé];
43;Revue adulte;3959;Sciences humaines [texte imprimé];
45;Revue ado;3760;Le Monde des ados [texte imprimé];
46;Revue jeunesse;3679;Toboggan [texte imprimé];
48;Revue adulte;3642;Sciences et avenir [texte imprimé];
50;Revue adulte;3496;L'Ordinateur individuel SVM;
55;Revue adulte;3139;Lire [texte imprimé] : Le magazine des livres;
71;Revue adulte;2530;Alternatives économiques [texte imprimé] : journal d'information critique sur l'actualité économique et sociale;
77;Revue adulte;2476;Modes et travaux [texte imprimé];
81;Revue jeunesse;2381;Science & vie découvertes [texte imprimé];
88;Revue jeunesse;2283;Mobiclic [ressource électronique] : le magazine multimédia des 7/12 ans;
90;Livre jeunesse;2272;Lili veut un téléphone portable;Saint-Mars, Dominique de
92;Revue ado;2246;Virgule [texte imprimé];
97;Bande dessinée jeunesse;2194;Max et Lili veulent éduquer leurs parents;Saint-Mars, Dominique de
107;Revue jeunesse;2057;Le Petit Léonard [texte imprimé] : le magazine des plus de 7 ans;
110;Bande dessinée jeunesse;1991;La salsa des saucisses [Texte imprimé];Cohen, Jacqueline
114;Bande dessinée jeunesse;1960;Lili a la passion du cheval;Saint-Mars, Dominique de
124;Bande dessinée jeunesse;1867;Ca roule ! [Texte imprimé];Cohen, Jacqueline
133;Revue jeunesse;1779;Tchô ! le megazine [texte imprimé];
149;Bande dessinée jeunesse;1674;Lili part en camp de vacances [Texte imprimé];Saint Mars, Dominique de
154;Livre jeunesse;1661;Max ne pense qu'au zizi;Saint-Mars, Dominique de
156;Bande dessinée jeunesse;1652;La copine de Lili a une maladie grave [Texte imprimé];Saint Mars, Dominique de
164;Bande dessinée jeunesse;1604;Max va à la peche avec son père [Texte imprimé];Saint-Mars, Dominique de
171;Bande dessinée jeunesse;1562;Lili va chez la psy [Texte imprimé];Saint-Mars, Dominique de
172;Bande dessinée jeunesse;1561;Max n'en fait qu'à sa tête [Texte imprimé];Saint-Mars, Dominique de
186;Bande dessinée jeunesse;1521;Lili est amoureuse [Texte imprimé];Saint-Mars, Dominique de
187;Bande dessinée jeunesse;1515;Max et Lili sont malades [Texte imprimé];Saint-Mars, Dominique de
199;Bande dessinée jeunesse;1477;Max et Lili ne font pas leurs devoirs [Texte imprimé];Saint-Mars, Dominique de
206;Revue adulte;1460;XXI [texte imprimé] : l'information grand format;
208;Bande dessinée jeunesse;1455;Max ne veut pas se laver [Texte imprimé];Saint-Mars, Dominique de
212;Bande dessinée jeunesse;1438;Les parents de Max et Lili se disputent [Texte imprimé];Saint Mars, Dominique de
213;Bande dessinée jeunesse;1433;Nina a été adoptée [Texte imprimé];Saint Mars, Dominique de
223;Revue jeunesse;1404;Abricot [texte imprimé];
224;Bande dessinée jeunesse;1401;Max se bagarre [Texte imprimé];Saint Mars, Dominique de
230;Bande dessinée ado;1381;Le miracle de la vie [Texte imprimé];Zep
231;Livre jeunesse;1376;Le cycle d'Anathos : la marque du destin;Sobral, Patrick
241;Bande dessinée jeunesse;1348;Max et Lili veulent des câlins [Texte imprimé];Saint Mars, Dominique de
252;Livre jeunesse;1316;La grande Schtroumpfette;Jost, Alain
255;Revue adulte;1306;Politis, [texte imprimé] : l'hebdomadaire citoyen du jeudi;
256;Bande dessinée jeunesse;1305;"Max raconte des ""bobards"" [Texte imprimé]";Saint Mars, Dominique de
266;Revue adulte;1255;Positif [texte imprimé] : revue mensuelle de cinéma;
273;Revue adulte;1247;Le Débat [texte imprimé] : histoire, politique, société;
281;Bande dessinée jeunesse;1231;Lâchez-moi le slip ! [Texte imprimé];Zep
282;Revue ado;1228;Onze mondial [texte imprimé];
283;Bande dessinée adulte;1226;L'oreille cassée [Texte imprimé];Hergé
293;Bande dessinée jeunesse;1197;Tom-Tom le roi de la tambouille [Texte imprimé];Cohen, Jacqueline
294;Bande dessinée adulte;1194;Tintin et les Picaros [Texte imprimé];Hergé
303;Bande dessinée jeunesse;1167;Tueurs à gags [Texte imprimé];Coppée, Thierry
332;Bande dessinée jeunesse;1078;Schtroumpf-les-Bains;Culliford, Thierry
337;Revue adulte;1066;The Economist [texte imprimé];
338;Bande dessinée adulte;1065;Les cigares du pharaon [Texte imprimé];Hergé
347;Bande dessinée adulte;1044;On a marché sur la lune [Texte imprimé];Hergé
354;Bande dessinée jeunesse;1031;Les p'tits schtroumpfs [Texte imprimé];Peyo
355;Bande dessinée jeunesse;1031;L'école des vannes [Texte imprimé];Coppée, Thierry
377;Revue adulte;984;Elle à table [texte imprimé];
379;Bande dessinée jeunesse;982;Le retour de la momie qui pue qui tue [Texte imprimé];Midam
380;Nouveauté;978;Limonov;Carrère, Emmanuel
382;CD jeunesse;974;Le doudou de Coco [Multimédia multisupport] : une histoire mise en musique;Du Bouchet, Paule
395;Bande dessinée jeunesse;953;Bête de scène;Davis, Jim
396;Bande dessinée jeunesse;948;Le schtroumpfissime [Texte imprimé];Delporte, Yvan
403;Bande dessinée jeunesse;937;Carnage total [Texte imprimé];Midam
408;Bande dessinée adulte;931;Le combat des chefs [Texte imprimé];Goscinny, René
409;Revue adulte;928;Charlie hebdo [texte imprimé];
417;Bande dessinée jeunesse;913;Sale temps pour les moches [Texte imprimé];Delaf
418;Bande dessinée ado;913;Fenetre sur cours [Texte imprimé];Pica
421;Bande dessinée jeunesse;907;Docteur schtroumpf [Texte imprimé];Parthoens, Luc
425;Revue jeunesse;906;Histoires vraies;
430;Bande dessinée adulte;896;Objectif lune [Texte imprimé];Hergé
431;;896;Le rabaissement;Roth, Philip
441;Nouveauté;880;Le Chinois;Mankell, Henning
442;Bande dessinée jeunesse;877;Qui a éteint la lumière ? [Texte imprimé];Cauvin, Raoul
443;Revue adulte;875;Le Canard enchaîné [texte imprimé] : journal humoristique hebdomadaire;
445;Livre jeunesse;869;L'école de Barbapapa [Texte imprimé];Tison, Annette
467;Livre jeunesse;849;Au travail ! [Texte imprimé];Davis, Jim
485;Bande dessinée jeunesse;822;J'ai fini ! [Texte imprimé];Cauvin, Raoul
489;Nouveauté;820;L'oiseau de mauvais augure;Läckberg, Camilla
494;Bande dessinée jeunesse;815;Salade de schtroumpfs [Texte imprimé];Peyo
497;Bande dessinée ado;812;Pour qui sonne le glas [Texte imprimé];Oda, Eiichiro
499;Livre jeunesse;810;L'hiver de Barbapapa [Texte imprimé];Tison, Annette
591;Bande dessinée jeunesse;734;Premières classes [Texte imprimé];Laudec
592;Bande dessinée jeunesse;734;Un petit ane comme vous et moi [Texte imprimé];Guibert, Emmanuel
601;Livre jeunesse;731;Beaucoup de beaux bébés;Ellwand, David
605;;728;Un père idéal;Cleave, Paul
610;Bande dessinée jeunesse;722;Le cosmoschtroumpf [Texte imprimé];Peyo
611;Bande dessinée adulte;722;Fairy Tail. 14;Mashima, Hiro
614;Revue adulte;721;D'A [texte imprimé] : d'architectures : le magazine professionnel de la création architecturale;
619;Bande dessinée ado;718;Naruto. 8 [Texte imprimé];Kishimoto, Masashi
623;Livre adulte;716;Le ciel se trouve sur Terre;Edwardson, Ake
656;Bande dessinée adulte;701;Aya de Yopougon. 5;Abouet, Marguerite
658;Bande dessinée jeunesse;700;Fléau sans frontière;Bertschy
660;CD jeunesse;699;Les jeux chantés des tout-petits [Multimédia multisupport] : 0-3 ans;Resmond-Wenz, Evelyne
923;Revue adulte;586;Studio ciné live magazine [texte imprimé] : un nouveau magazine pour tous les cinémas;
924;Nouveauté;586;Les lumières de septembre;Ruiz Zafón, Carlos
934;Bande dessinée jeunesse;583;"T'as qu'à t'retenir ! ; précédé de mon premier mot du monde [Texte imprimé]";Tome
939;Bande dessinée jeunesse;582;Ariol [Texte imprimé] : copain comme cochon;Guibert, Emmanuel
941;Bande dessinée adulte;581;Demandez le programme [Texte imprimé];Davis, Jim
944;Livre jeunesse;581;Loup [Texte imprimé];Douzou, Olivier
957;Bande dessinée jeunesse;576;La cuisine du diable [Texte imprimé];Gilson, François
965;Bande dessinée ado;573;Love song [Texte imprimé];Oda, Eiichiro
968;Bande dessinée jeunesse;572;La bande à Bill [Texte imprimé];Verron, Laurent
978;;570;Cinquième chronique du règne de Nicolas Ier;Rambaud, Patrick
981;Nouveauté;569;Désolations;Vann, David
983;DVD < 13 ans;567;Ratatouille [Images animées];Bird, Brad
987;Livre jeunesse;565;Chasseur de primes [Texte imprimé];Goscinny, René
993;Bande dessinée adulte;562;La zizanie [Texte imprimé];Goscinny, René
996;Livre sonore jeunesse;561;Oh hisse petit escargot ! [Multimédia multisupport];Bergame, Cécile
997;Livre jeunesse;560;Dinosaures, dinosaures [Texte imprimé];Barton, Byron
999;Bande dessinée jeunesse;560;Jeux idiots [Texte imprimé];Guibert, Emmanuel
508;Bande dessinée jeunesse;805;Full métal casquette [Texte imprimé];Midam
514;Bande dessinée jeunesse;799;Jeux de vilains [Texte imprimé];Midam
527;Livre jeunesse;787;Garfield. Garfield ne manque pas d'air;Davis, Jim
528;Bande dessinée jeunesse;785;Classes de neige [Texte imprimé];Cauvin
533;Bande dessinée adulte;781;Aya de Yopougon. 1 [Texte imprimé];Abouet, Marguerite
539;Livre jeunesse;777;Trois petits cochons [Texte imprimé];Faucher, Paul
558;Nouveauté;758;Sunset park;Auster, Paul
562;Revue jeunesse;754;J'AIME LIRE 2007 [Texte imprimé];
566;Bande dessinée ado;750;Faites comme chez vous [Texte imprimé];Darasse
578;Bande dessinée jeunesse;744;Avis de tempête [Texte imprimé];Cauvin, Raoul
584;Bande dessinée jeunesse;739;Un peu, beaucoup, à la folie [Texte imprimé];Davis, Jim
589;Revue adulte;737;L'Oeil [texte imprimé] : revue d'art mensuelle;
602;Bande dessinée ado;731;Ma première fois ! [Texte imprimé];Darasse
608;Bande dessinée jeunesse;724;Fainéant génétique;Bertschy
617;;720;Le cas Sneijder;Dubois, Jean-Paul
618;Revue adulte;719;IDEAT [texte imprimé] : idées, décoration, évasion, art, tendances;
624;Bande dessinée jeunesse;715;Pépé se mouille [Texte imprimé];Laudec
632;Bande dessinée jeunesse;711;Astérix, la rose et le glaive [Texte imprimé];Uderzo, Albert
633;Bande dessinée jeunesse;711;C'est du joli ! [Texte imprimé];Tome
636;Livre adulte;710;Jayne Mansfield 1967;Liberati, Simon
638;Bande dessinée adulte;708;Aya de Yopougon. 4 [Texte imprimé];Abouet, Marguerite
641;Livre jeunesse;706;Le loto des nombrils;Guibert, Emmanuel
646;Bande dessinée adulte;704;Fairy Tail. 17;Mashima, Hiro
649;Bande dessinée ado;703;Naruto. 2 [Texte imprimé];Kishimoto, Masashi
657;Bande dessinée jeunesse;700;Ma prof de calcul;Janry
663;Nouveauté;699;La maison du lys tigré;Rendell, Ruth
666;Livre adulte;697;Avant d'aller dormir;Watson, S. J.
668;Bande dessinée adulte;696;Garfield mange plus vite que son ombre [Texte imprimé];Davis, Jim
674;Bande dessinée adulte;694;Le sanctuaire du Gondwana [Texte imprimé];Sente, Yves
679;Bande dessinée jeunesse;692;Les secrets de l'univers [Texte imprimé];Guibert, Emmanuel
688;Bande dessinée ado;685;Fairy Tail. 10;Mashima, Hiro
689;Bande dessinée jeunesse;685;Fairy Tail. 12;Mashima, Hiro
691;Nouveauté;685;Aleph;Coelho, Paulo
693;Bande dessinée adulte;684;Quai d'Orsay : chroniques diplomatiques. 1;Blain, Christophe
694;Bande dessinée jeunesse;683;Crapule king size [Texte imprimé];Bertschy
699;Livre jeunesse;680;Journal d'un chat assassin [Texte imprimé];Fine, Anne
700;Bande dessinée jeunesse;680;Astérix chez les Helvètes [Texte imprimé];Goscinny, René
701;Bande dessinée jeunesse;680;Toujours plus fort ! [Texte imprimé];Cohen, Jacqueline
706;Bande dessinée ado;677;C'est bon l'amour ! [Texte imprimé];Darasse
707;Bande dessinée jeunesse;677;Le remonte-kiki [Texte imprimé];Sfar, Joann
712;Bande dessinée jeunesse;676;Mon oeil ! [Texte imprimé];Guibert, Emmanuel
713;Bande dessinée jeunesse;676;La légende de l'ouest [Texte imprimé];Nordmann, Patrick
715;Bande dessinée jeunesse;675;Cyclone destroy;Bertschy
722;Livre jeunesse;673;Le voyage de Barbapapa [Texte imprimé];Tison, Annette
728;Bande dessinée jeunesse;672;Kid Paddle. 12. Panik room;Midam
738;Livre jeunesse;666;La famille Souris et la mare aux libellules [Texte imprimé];Iwamura, Kazuo
748;Bande dessinée ado;658;Naruto. 12 [Texte imprimé];Kishimoto, Masashi
750;;657;Une bonne raison de se tuer;Besson, Philippe
753;Bande dessinée ado;655;Naruto. 33 [Texte imprimé];Kishimoto, Masashi
762;Bande dessinée ado;649;Naruto. 25 [Texte imprimé];Kishimoto, Masashi
764;Bande dessinée jeunesse;649;Personne en vue [Texte imprimé];Didier, Anne
765;Nouveauté;649;Le 9e jugement;Patterson, James
782;Bande dessinée jeunesse;641;Superstitions [Texte imprimé];Gilson, François
793;Nouveauté;638;Le brasier de justice;Japp, Andrea H.
798;Bande dessinée jeunesse;634;Y a du génie dans l'air ! [Texte imprimé];Groot, Bob De
806;Nouveauté;631;Moonlight mile;Lehane, Dennis
810;Bande dessinée jeunesse;628;La malédiction des trente deniers;Van Hamme, Jean
818;Bande dessinée jeunesse;625;Y a-t-il un génie pour sauver la planète ? [Texte imprimé];Turk
819;Livre adulte;625;La fille de papier : roman;Musso, Guillaume
820;Bande dessinée jeunesse;624;C'est pas de ton âge ! [Texte imprimé];Tome
822;Nouveauté;624;Hôtel Adlon;Kerr, Philip
831;Bande dessinée ado;618;Naruto. 35 [Texte imprimé];Kishimoto, Masashi
833;Livre jeunesse;617;Tintin et le lac aux requins [Texte imprimé] : l'album du film;Greg
836;Bande dessinée jeunesse;616;Ma Dalton [Texte imprimé];Goscinny, René
844;Bande dessinée ado;613;Gaston. 11 [Texte imprimé];Franquin, André
846;Nouveauté;613;La muraille de lave;Arnaldur Indridason
848;Revue adulte;612;Cosmopolitan [texte imprimé];
852;Bande dessinée ado;611;Naruto. 22 [Texte imprimé];Kishimoto, Masashi
853;Bande dessinée jeunesse;611;Miss Walker;Cauvin, Raoul
858;Nouveauté;608;Le vieux qui ne voulait pas fêter son anniversaire : roman;Jonasson, Jonas
863;Bande dessinée jeunesse;607;L'escapade de l'ourson;Derib
867;Nouveauté;606;Charly 9 : roman;Teulé, Jean
868;Nouveauté;606;L'élimination [Texte imprimé];Panh, Rithy
870;Bande dessinée jeunesse;605;Le chêne qui parlait [Texte imprimé];Derib
872;Livre sonore jeunesse;605;Roule galette... [Texte imprimé];Caputo, Natha
873;Bande dessinée jeunesse;605;Hypnosis [Texte imprimé];Gilson, François
884;Bande dessinée jeunesse;599;Tao le petit samouraï [Texte imprimé] : pitres et dragons !;Richard, Laurent
887;Livre adulte;598;La fille qui revait d'un bidon d'essence et d'une allumette [Texte imprimé] : roman;Larsson, Stieg
893;Livre adulte;597;Le champ du potier [Texte imprimé];Camilleri, Andrea
895;Bande dessinée ado;596;Naruto. 31 [Texte imprimé];Kishimoto, Masashi
901;Nouveauté;595;L'enquête russe : roman;Parot, Jean-François
903;Revue adulte;594;La Quinzaine littéraire [texte imprimé];
905;Bande dessinée jeunesse;593;Philtres d'amour [Texte imprimé];Gilson, François
970;Livre adulte;572;Les anonymes;Ellory, Roger Jon
971;Livre adulte;572;Barbe bleue : roman;Nothomb, Amélie
975;Bande dessinée jeunesse;570;Sur la piste des Dalton [Texte imprimé];Morris
1;Revue jeunesse;34151;Le Journal de Mickey [texte imprimé];
2;Revue jeunesse;18008;Astrapi [texte imprimé];
3;Revue jeunesse;15939;Spirou [texte imprimé] : champion de la bonne humeur;
4;Revue jeunesse;15165;J'aime lire [texte imprimé];
16;Revue adulte;6920;Paris match [texte imprimé];
29;Revue adulte;5078;Philosophie magazine [texte imprimé];
34;Revue adulte;4292;Beaux-arts magazine [texte imprimé];
41;Revue adulte;4065;Le Magazine littéraire [texte imprimé];
42;Revue jeunesse;4018;Mes premiers J'aime lire [texte imprimé] : lecteurs débutants, grande section maternelle, CP et CE1;
51;Revue ado;3265;Geo ado [texte imprimé] : le plaisir d'explorer;
54;Revue ado;3150;Phosphore [texte imprimé];
57;Revue adulte;3005;Cuisine et vins de France [texte imprimé];
61;Revue adulte;2865;Marie Claire maison [texte imprimé];
68;Revue adulte;2632;Grands reportages [texte imprimé];
72;Revue adulte;2513;Ca m'intéresse [texte imprimé];
74;Revue jeunesse;2509;Toboclic [ressource électronique] : [le magazine mensuel multimédia pour les 4-7 ans];
87;Revue jeunesse;2296;Moi je lis : j'enquête, je comprends [texte imprimé];
96;Livre jeunesse;2202;Le tonton de Max et Lili est en prison;Saint-Mars, Dominique de
100;Livre jeunesse;2158;Max veut sauver les animaux;Saint-Mars, Dominique de
102;Bande dessinée jeunesse;2110;Max et Lili veulent être gentils;Saint-Mars, Dominique de
115;Bande dessinée jeunesse;1959;Lili rêve d'être une femme;Saint-Mars, Dominique de
116;Bande dessinée jeunesse;1958;Lili se fait piéger sur internet [Texte imprimé];Saint-Mars, Dominique de
122;Bande dessinée jeunesse;1916;Max trouve que c'est pas juste [Texte imprimé];Saint Mars, Dominique de
125;Bande dessinée ado;1843;Lou !. 5;Neel, Julien
130;Bande dessinée jeunesse;1790;Max aime les monstres [Texte imprimé];Saint-Mars, Dominique de
134;Bande dessinée jeunesse;1777;A l'attaque ! [Texte imprimé];Cohen, Jacqueline
135;Livre jeunesse;1770;Lili trouve sa maîtresse méchante [Texte imprimé];Saint-Mars, Dominique de
142;Livre jeunesse;1740;Va-t'en, grand monstre vert ! [Texte imprimé];Emberley, Ed
145;Bande dessinée jeunesse;1716;Bande de sauvages ! [Texte imprimé];Cohen, Jacqueline
146;Bande dessinée jeunesse;1700;Le chien de Max et Lili est mort [Texte imprimé];Saint Mars, Dominique de
153;Revue jeunesse;1661;Arkéo junior [texte imprimé];
162;Revue adulte;1628;Mon jardin, ma maison [texte imprimé];
169;Bande dessinée ado;1574;Mortebouse [Texte imprimé];Neel, Julien
173;Bande dessinée jeunesse;1560;Lili se fait toujours gronder [Texte imprimé];Saint Mars, Dominique de
179;Bande dessinée jeunesse;1528;Max et Lili veulent tout savoir sur les bébés [Texte imprimé];Saint Mars, Dominique de
183;Bande dessinée jeunesse;1523;Max est timide [Texte imprimé];Saint Mars, Dominique de
184;Bande dessinée jeunesse;1522;Journal infime [Texte imprimé];Neel, Julien
191;Bande dessinée jeunesse;1502;Max n'aime pas lire [Texte imprimé];Saint Mars, Dominique de
195;Bande dessinée jeunesse;1490;Toujours plus fort ! [Texte imprimé];Cohen, Jacqueline
197;Bande dessinée jeunesse;1485;Lili fait des cauchemars [Texte imprimé];Saint-Mars, Dominique de
200;Bande dessinée jeunesse;1472;Emilie n'aime pas quand sa mère boit trop [Texte imprimé];Saint-Mars, Dominique de
201;Bande dessinée jeunesse;1469;Le père de Max et Lili est au chômage [Texte imprimé];Saint Mars, Dominique de
205;Bande dessinée jeunesse;1461;Les vacances infernales [Texte imprimé];Cohen, Jacqueline
210;Bande dessinée jeunesse;1449;La maison de Max et Lili a été cambriolée [Texte imprimé];Saint Mars, Dominique de
211;Bande dessinée ado;1442;Nadia se marie [Texte imprimé];Zep
221;Bande dessinée jeunesse;1415;Max n'aime pas l'école [Texte imprimé];Saint Mars, Dominique de
222;Bande dessinée ado;1409;Le sens de la vie [Texte imprimé];Zep
227;Bande dessinée jeunesse;1393;L'Alystory [Texte imprimé];Sobral, Patrick
234;Bande dessinée jeunesse;1360;Emilie a déménagé [Texte imprimé];Saint Mars, Dominique de
258;Bande dessinée ado;1291;Mes meilleurs copains [Texte imprimé];Zep
264;Bande dessinée jeunesse;1269;Sang royal;Sobral, Patrick
267;Bande dessinée jeunesse;1254;Superstars [Texte imprimé];Cohen, Jacqueline
277;Livre jeunesse;1237;Ca épate les filles... [Texte imprimé];Zep
278;Bande dessinée jeunesse;1237;Max et Lili ont volé des bonbons [Texte imprimé];Saint Mars, Dominique de
292;Revue adulte;1198;The New Yorker [texte imprimé];
299;Revue jeunesse;1190;I love English for Kids;
301;Bande dessinée ado;1187;L'amour, c'est pô propre... [Texte imprimé];Zep
310;Bande dessinée adulte;1134;Le trésor de Rackham le Rouge [Texte imprimé];Hergé
313;Revue adulte;1127;Le Monde diplomatique [texte imprimé] : journal des cercles diplomatiques et des grandes organisations internationales;
319;Bande dessinée adulte;1114;Astérix et les Normands [Texte imprimé];Goscinny, René
321;Bande dessinée jeunesse;1104;La menace Schtroumpf [Texte imprimé];Parthoens, Luc
329;Bande dessinée adulte;1088;L'étoile mystérieuse [Texte imprimé];Hergé
330;Bande dessinée adulte;1085;Tintin au Congo [Texte imprimé];Hergé
334;Bande dessinée adulte;1076;Les bijoux de la Castafiore [Texte imprimé];Hergé
345;Bande dessinée adulte;1049;Tintin au Tibet [Texte imprimé];Hergé
348;Bande dessinée jeunesse;1043;Un copieur sachant copier [Texte imprimé];Godi, Bernard
351;Bande dessinée jeunesse;1037;Astérix chez Rahàzade [Texte imprimé] : ou le compte des mille et une heures;Uderzo, Albert
352;Bande dessinée jeunesse;1033;On se calme ! [Texte imprimé];Cauvin, Raoul
367;Bande dessinée jeunesse;1003;Waterminator [Texte imprimé];Midam
368;Bande dessinée ado;1002;Diego;Darasse
371;Bande dessinée jeunesse;992;Apocalypse boy [Texte imprimé];Midam
381;;978;Cet instant-là;Kennedy, Douglas
383;Bande dessinée jeunesse;969;Paddle... my name is Kid Paddle [Texte imprimé];Midam
385;Revue adulte;966;Micro pratique [texte imprimé] : le magazine de la micro informatique à la maison;
390;Bande dessinée jeunesse;955;Rodéo Blork [Texte imprimé];Midam
392;Bande dessinée jeunesse;954;La Schtroumpfette [Texte imprimé];Delporte, Yvan
397;Bande dessinée jeunesse;944;Elle est moche ! [Texte imprimé];Cauvin, Raoul
398;Nouveauté;944;La couleur des sentiments;Stockett, Kathryn
400;Bande dessinée jeunesse;940;Enfin seuls ! [Texte imprimé];Cauvin, Raoul
402;Nouveauté;938;La carte et le territoire : roman;Houellebecq, Michel
422;Bande dessinée adulte;906;Tintin en Amérique [Texte imprimé];Hergé
423;Bande dessinée jeunesse;906;Les Schtroumpfs et le Cracoucass [Texte imprimé];Peyo
427;Bande dessinée jeunesse;900;Papa, je veux un cheval ! [Texte imprimé];Laudec
428;Bande dessinée jeunesse;899;Histoires de schtroumpfs [Texte imprimé];Peyo
434;Revue adulte;893;L'Estampille, L'Objet d'art [texte imprimé];
438;Bande dessinée adulte;884;Le tour de Gaule d'Astérix [Texte imprimé];Goscinny, René
439;Bande dessinée jeunesse;883;Lili ne veut plus aller à la piscine [Texte imprimé];Saint Mars, Dominique de
449;Bande dessinée jeunesse;865;Tom-Tom et ses idées explosives [Texte imprimé];Cohen, Jacqueline
454;Nouveauté;861;Sous haute tension;Coben, Harlan
458;Bande dessinée ado;857;Fairy Tail. 1 [Texte imprimé];Mashima, Hiro
464;Nouveauté;852;La femme au masque de chair;Leon, Donna
473;Bande dessinée jeunesse;832;Le clan du requin [Texte imprimé];Gazzotti, Bruno
484;Bande dessinée jeunesse;822;Le réveil du géant [Texte imprimé];Derib
487;Livre adulte;821;L'art français de la guerre [Texte imprimé];Jenni, Alexis
490;Bande dessinée jeunesse;818;Garfield fait le poids [Texte imprimé];Davis, Jim
492;Nouveauté;817;1Q84. 1. Avril-juin;Murakami, Haruki
296;Bande dessinée jeunesse;1191;Le devin [Texte imprimé];Goscinny, René
297;Revue adulte;1191;Système D pratique [texte imprimé] : pour le bricolage et la maison;
302;Revue jeunesse;1168;"30 millions d'amis [texte imprimé] ; [dir. publ. Philippe Simon]";
305;Bande dessinée adulte;1156;Les 7 boules de cristal [Texte imprimé];Hergé
306;Bande dessinée jeunesse;1150;Le maître blagueur [Texte imprimé];Coppée, Thierry
307;Bande dessinée adulte;1138;Tintin au pays de l'or noir [Texte imprimé];Hergé
308;Bande dessinée jeunesse;1138;Les Cartables décollent [Texte imprimé];Cohen, Jacqueline
315;Bande dessinée adulte;1124;L'île noire [Texte imprimé];Hergé
317;Bande dessinée adulte;1123;Le secret de la Licorne [Texte imprimé];Hergé
323;Bande dessinée jeunesse;1103;C'est magique ! [Texte imprimé];Cohen, Jacqueline
327;Bande dessinée adulte;1093;Le sceptre d'Ottokar [Texte imprimé];Hergé
328;Bande dessinée ado;1089;Oh, le salaud !;Zidrou
333;Bande dessinée jeunesse;1077;L'oeuf et les schtroumpfs [Texte imprimé];Peyo
335;Livre jeunesse;1069;Lili ne veut plus se montrer toute nue [Texte imprimé];Saint Mars, Dominique de
336;Revue adulte;1068;L'Étudiant [texte imprimé] : l'information pour choisir;
341;Bande dessinée ado;1056;Dieu, le sexe et les bretelles [Texte imprimé];Zep
344;Revue adulte;1050;Challenges [texte imprimé];
353;Bande dessinée jeunesse;1031;La galère d'Obélix [Texte imprimé];Uderzo, Albert
358;Bande dessinée jeunesse;1021;Bienvenue au club ! [Texte imprimé];Cohen, Jacqueline
359;Bande dessinée jeunesse;1020;Sous les cahiers, la plage [Texte imprimé];Coppée, Thierry
360;Bande dessinée jeunesse;1016;Peut mieux faire ! [Texte imprimé];Godi, Bernard
362;Bande dessinée jeunesse;1014;Le fils d'Astérix [Texte imprimé];Uderzo, Albert
364;Bande dessinée jeunesse;1009;A la folie ! [Texte imprimé];Darasse
366;Livre jeunesse;1004;A la maternelle avec Mimi [Texte imprimé];Cousins, Lucy
372;Bande dessinée jeunesse;992;Je veux l'épouser !;Laudec
373;Bande dessinée ado;992;J'ai gagné !;Laudec
376;Bande dessinée ado;984;Le cimetière des autobus [Texte imprimé];Neel, Julien
384;Revue adulte;968;Jazz magazine - Jazzman [texte imprimé];
393;Bande dessinée jeunesse;954;Bonjour les cadeaux ! [Texte imprimé];Cohen, Jacqueline
401;Bande dessinée jeunesse;940;Alien Chantilly [Texte imprimé];Midam
405;Bande dessinée ado;935;Je crois que je t'aime;Lyfoung, Patricia
407;;933;Remède mortel;Coben, Harlan
412;Nouveauté;922;L'armée furieuse;Vargas, Fred
414;Bande dessinée jeunesse;919;Punis pour le meilleur et pour le pire [Texte imprimé];Godi, Bernard
415;Bande dessinée ado;918;Je veux que tu m'aimes ! [Texte imprimé];Lyfoung, Patricia
416;Livre jeunesse;914;Où est Charlie ? [Texte imprimé] : la grande expo !;Handford, Martin
435;Bande dessinée jeunesse;887;Miss dix sur dix [Texte imprimé];Godi, Bernard
446;Bande dessinée ado;868;Les liens de l'amitié [Texte imprimé];Delaf
451;Revue adulte;862;Transfuge [texte imprimé] : la revue de littérature étrangère;
452;Bande dessinée jeunesse;862;A table ! [Texte imprimé];Davis, Jim
455;Bande dessinée jeunesse;860;La quatrième dimension et demie;Vehlmann, Fabien
457;Bande dessinée jeunesse;859;On ne schtroumpfe pas le progrès [Texte imprimé];Peyo
459;Nouveauté;856;1Q84. 2. Juillet-septembre;Murakami, Haruki
470;Bande dessinée jeunesse;837;Les deux terreurs [Texte imprimé];Cohen, Jacqueline
474;Bande dessinée adulte;832;Astérix et les Goths [Texte imprimé];Goscinny, René
478;Bande dessinée jeunesse;830;Au poil;Davis, Jim
480;Bande dessinée jeunesse;824;Un parfum d'aventure [Texte imprimé];Poirier, Philippe
481;Livre adulte;824;Les écureuils de Central Park sont tristes le lundi : roman [Texte imprimé];Pancol, Katherine
482;Nouveauté;824;Si c'était à refaire : roman;Lévy, Marc
483;Bande dessinée jeunesse;823;Gâteau-surprise [Texte imprimé];Laudec
496;Livre jeunesse;813;Max a une amoureuse [Texte imprimé];Saint Mars, Dominique de
500;Livre ado;809;La révolte;Collins, Suzanne
502;Bande dessinée jeunesse;807;Où sont les freins ? [Texte imprimé];Cauvin, Raoul
507;Bande dessinée jeunesse;805;Dégâts à gogo ! [Texte imprimé];Cohen, Jacqueline
516;Livre sonore jeunesse;798;Coco et les pompiers [Texte imprimé];Du Bouchet, Paule
521;Bande dessinée ado;795;Naruto. 6 [Texte imprimé];Kishimito, Masashi
523;Bande dessinée jeunesse;791;Les schtroumpfs noirs [Texte imprimé];Peyo
525;Revue jeunesse;791;Kid paddle magazine [texte imprimé];
529;Bande dessinée jeunesse;785;Chat déchire !;Davis, Jim
537;Revue adulte;778;Maison française [texte imprimé];
550;Revue adulte;765;Première [texte imprimé] : le magazine couleur du cinéma;
557;Livre jeunesse;758;Les cairns rouges [Texte imprimé];Vehlmann, Fabien
567;Revue jeunesse;749;Cheval magazine [texte imprimé];
574;Bande dessinée jeunesse;747;Les disparues d'Ouessant;Pommaux, Yvan
575;Bande dessinée jeunesse;746;Au pied, j'ai dit ! [Texte imprimé];Laudec
576;Bande dessinée ado;745;J'irai où tu iras [Texte imprimé];Lyfoung, Patricia
581;Bande dessinée ado;742;Fairy Tail. 3;Mashima, Hiro
583;Bande dessinée adulte;739;Aya de Yopougon. 2 [Texte imprimé];Abouet, Marguerite
594;Bande dessinée jeunesse;733;"Tu ne s'ras jamais grand ! ; précédé de ""La marche du monde"" [Texte imprimé]";Tome
595;Bande dessinée ado;732;Pas de souci ! [Texte imprimé];Oda, Eiichiro
596;Livre jeunesse;731;Les trois brigands [Texte imprimé];Ungerer, Tomi
597;Livre jeunesse;731;Plouf ! [Texte imprimé];Corentin, Philippe
600;Revue adulte;731;Cerveau & psycho [texte imprimé] : le magazine de la psychologie et des neurosciences;
603;Livre adulte;731;Le tailleur de pierre;Läckberg, Camilla
607;Nouveauté;726;Dans les forêts de Sibérie : février-juillet 2010;Tesson, Sylvain
609;Livre jeunesse;723;Dans le loup [Texte imprimé];Ponti, Claude
621;;717;Un homme de tempérament : roman;Lodge, David
634;Livre ado;711;L'embrasement;Collins, Suzanne
635;Nouveauté;711;Les solidarités mystérieuses;Quignard, Pascal
640;Livre jeunesse;706;La nouvelle Zélie;Corbeyran, Eric
653;Bande dessinée ado;701;Naruto. 27 [Texte imprimé];Kishimoto, Masashi
654;Livre jeunesse;701;Qui où quoi [Texte imprimé];Perrin, Martine
661;Bande dessinée jeunesse;699;S.O.S Planète [Texte imprimé];Verron, Laurent
669;Livre jeunesse;696;Vroum ! Vroum !;Delebecque, François
671;Bande dessinée ado;694;Naruto. 5 [Texte imprimé];Kishimoto, Masashi
677;Bande dessinée jeunesse;693;Premier de la classe (en commençant par la fin) [Texte imprimé];Godi, Bernard
678;Bande dessinée ado;692;Naruto. 3 [Texte imprimé];Kishimoto, Masashi
686;Bande dessinée jeunesse;685;A l'eau police [Texte imprimé];Cauvin, Raoul
687;Bande dessinée ado;685;Les cerisiers de Hiluluk [Texte imprimé];Oda, Eiichiro
692;Bande dessinée ado;684;La grande promesse [Texte imprimé];Oda, Eiichiro
698;Bande dessinée jeunesse;681;L'apprentie sorcière [Texte imprimé];Clarke
702;Bande dessinée ado;680;Fairy Tail. 9;Mashima, Hiro
709;Revue adulte;677;Le Matricule des anges [texte imprimé] : journal d'informations littéraires;
724;Bande dessinée adulte;673;Astérix en Hispanie [Texte imprimé];Goscinny, René
725;Bande dessinée jeunesse;673;Trésor de génie;Turk
727;Bande dessinée ado;672;Perpétuation [Texte imprimé];Oda, Eiichiro
729;Bande dessinée adulte;672;Les ignorants : récit d'une initiation croisée;Davodeau, Etienne
730;Bande dessinée ado;671;Piété filiale [Texte imprimé];Oda, Eiichiro
732;Livre jeunesse;670;Roulé le loup ! [Texte imprimé];Gay-Para, Praline
735;Bande dessinée ado;669;Naruto. 1 [Texte imprimé];Kishimoto, Masashi
18;Revue adulte;6683;L'Histoire [texte imprimé];
44;Revue ado;3816;I love english [texte imprimé];
58;Revue jeunesse;2992;Je bouquine [texte imprimé];
65;Revue adulte;2671;Elle décoration [texte imprimé];
66;Revue adulte;2647;Connaissance des arts [texte imprimé];
69;Revue adulte;2616;Cuisine actuelle [texte imprimé];
73;Revue jeunesse;2512;WITCH mag [texte imprimé];
79;Revue adulte;2440;Esprit [texte imprimé];
80;Revue adulte;2431;Chasseur d'images [texte imprimé];
93;Revue adulte;2215;National geographic [texte imprimé] : journal officiel de la National geographic society;
98;Revue adulte;2190;Télérama [texte imprimé];
103;Livre adulte;2091;Lili a peur de la mort;Saint-Mars, Dominique de
108;Bande dessinée jeunesse;2012;Subliiiimes ! [Texte imprimé];Cohen, Jacqueline
109;Revue adulte;2002;Maison bricolage décoration [texte imprimé];
111;Bande dessinée jeunesse;1984;Lili a un chagrin d'amour [Texte imprimé];Saint Mars, Dominique de
112;Bande dessinée jeunesse;1984;Au zoo, les zozos ! [Texte imprimé];Cohen, Jacqueline
118;Bande dessinée jeunesse;1940;Trop, c'est trop ! [Texte imprimé];Cohen, Jacqueline
121;Revue adulte;1926;Der Spiegel [texte imprimé] : das deutsch Nachrichten-Magazin;
123;Bande dessinée jeunesse;1870;Ben ça, alors ! [Texte imprimé];Cohen, Jacqueline
131;Revue adulte;1790;Avantages [texte imprimé];
132;Bande dessinée jeunesse;1782;Max se fait insulter à la récré [Texte imprimé];Saint Mars, Dominique de
143;Livre jeunesse;1732;Max et Lili veulent tout tout de suite ! [Texte imprimé];Saint Mars, Dominique de
147;Bande dessinée jeunesse;1694;Max veut etre délégué de classe [Texte imprimé];Saint Mars, Dominique de
152;Bande dessinée jeunesse;1661;Lili veut faire une boum [Texte imprimé];Saint Mars, Dominique de
155;Bande dessinée jeunesse;1654;Lili se dispute avec son frère [Texte imprimé];Saint Mars, Dominique de
161;Livre adulte;1630;Lili est harcelée à l'école;Saint-Mars, Dominique de
168;Bande dessinée jeunesse;1588;Lucien n'a pas de copains [Texte imprimé];Saint Mars, Dominique de
170;Bande dessinée jeunesse;1566;Simon a deux maisons [Texte imprimé];Saint Mars, Dominique de
174;Bande dessinée jeunesse;1555;Max est fou de jeux vidéo [Texte imprimé];Saint-Mars, Dominique de
177;Revue adulte;1548;Archeologia [texte imprimé] : fouilles et découvertes;
182;Revue adulte;1527;Terre sauvage [texte imprimé];
189;Bande dessinée jeunesse;1511;Lili n'aime que les frites [Texte imprimé];Saint-Mars, Dominique de
192;Bande dessinée jeunesse;1501;Les fous du mercredi [Texte imprimé];Cohen, Jacqueline
193;Bande dessinée jeunesse;1498;Versus inferno;Sobral, Patrick
194;Bande dessinée jeunesse;1497;Lili ne veut pas se coucher [Texte imprimé];Saint Mars, Dominique de
209;Bande dessinée jeunesse;1455;Ici Radio-casserole [Texte imprimé];Cohen, Jacqueline
214;Revue adulte;1430;Top santé [texte imprimé];
229;Bande dessinée jeunesse;1390;Max est jaloux [Texte imprimé];Saint Mars, Dominique de
232;Bande dessinée jeunesse;1372;Lili est malpolie [Texte imprimé];Saint Mars, Dominique de
238;Bande dessinée jeunesse;1352;Tchô, monde cruel [Texte imprimé];Zep
240;Bande dessinée ado;1348;La loi du préau [Texte imprimé];Zep
243;Bande dessinée jeunesse;1335;Max et Lili ont peur [Texte imprimé];Saint Mars, Dominique de
245;Bande dessinée jeunesse;1335;Lili veut protéger la nature [Texte imprimé];Saint Mars, Dominique de
246;Bande dessinée jeunesse;1334;C'est pô juste... [Texte imprimé];Zep
248;Bande dessinée jeunesse;1329;Les schtroumpfs et le livre qui dit tout [Texte imprimé];Jost, Alain
249;Bande dessinée jeunesse;1328;Le gardien [Texte imprimé];Sobral, Patrick
254;Revue adulte;1307;Art press [texte imprimé];
257;Revue adulte;1294;Classica [multimédia multisupport];
261;Bande dessinée jeunesse;1278;Lili est désordre [Texte imprimé];Saint Mars, Dominique de
265;Bande dessinée jeunesse;1255;Les parents de Zoé divorcent [Texte imprimé];Saint Mars, Dominique de
268;Bande dessinée ado;1254;Titeuf et le derrière des choses [Texte imprimé];Zep
269;Bande dessinée jeunesse;1254;Le cousin de Max et Lili se drogue [Texte imprimé];Saint Mars, Dominique de
271;Bande dessinée adulte;1253;Obélix et compagnie [Texte imprimé];Goscinny, René
272;Revue adulte;1250;Problèmes économiques [texte imprimé] : sélection de presse française et internationale;
275;Bande dessinée adulte;1245;La grande traversée [Texte imprimé];Goscinny, René
285;Revue jeunesse;1213;J'AIME LIRE 2009 [Texte imprimé];
286;Bande dessinée jeunesse;1211;Les schtroumpfeurs de flûte [Texte imprimé];Peyo
287;Nouveauté;1208;Rien ne s'oppose à la nuit : roman;Vigan, Delphine de
298;Livre jeunesse;1190;Allez, les monstres ! [Texte imprimé];Cohen, Jacqueline
311;Bande dessinée jeunesse;1134;Le ciel lui tombe sur la tete [Texte imprimé];Uderzo, Albert
312;Bande dessinée jeunesse;1128;Max n'aime pas perdre [Texte imprimé];Saint Mars, Dominique de
318;Livre jeunesse;1116;Et que ça saute ! [Texte imprimé];Cohen, Jacqueline
320;Bande dessinée adulte;1113;L'odyssée d'Astérix [Texte imprimé];Uderzo, Albert
324;Bande dessinée jeunesse;1100;Les Schtroumpfs et l'arbre d'or;Culliford, Thierry
325;Bande dessinée jeunesse;1099;Dark, j'adore ! [Texte imprimé];Midam
340;Bande dessinée jeunesse;1061;La rentrée des crasses [Texte imprimé];Coppée, Thierry
342;Bande dessinée jeunesse;1053;Bonjour les cadeaux ! [Texte imprimé];Cohen, Jacqueline
343;Bande dessinée jeunesse;1051;Vivement les vacances ! [Texte imprimé];Godi, Bernard
346;Bande dessinée jeunesse;1047;Max veut se faire des amis [Texte imprimé];Saint-Mars, Dominique de
349;Bande dessinée jeunesse;1039;L'apprenti schtroumpf [Texte imprimé];Peyo
350;Bande dessinée jeunesse;1038;Schtroumpf vert et vert schtroumpf [Texte imprimé];Peyo
356;Bande dessinée jeunesse;1028;Le bébé schtroumpf [Texte imprimé];Peyo
357;Bande dessinée jeunesse;1022;Dégâts à gogo ! [Texte imprimé];Cohen, Jacqueline
378;Livre jeunesse;982;Barbapapa [Texte imprimé];Tison, Annette
386;Bande dessinée jeunesse;965;Le King [Texte imprimé];Davis, Jim
388;Bande dessinée jeunesse;958;La soupe aux schtroumpfs [Texte imprimé];Peyo
389;Bande dessinée jeunesse;956;Le Roi des cancres [Texte imprimé];Godi, Bernard
391;Bande dessinée jeunesse;954;Le fortiche de la triche [Texte imprimé];Godi, Bernard
394;Bande dessinée jeunesse;953;La lutte des classes [Texte imprimé];Godi, Bernard
399;Livre jeunesse;943;Les vacances de Barbapapa [Texte imprimé];Tison, Annette
410;Livre jeunesse;927;Max a triché [Texte imprimé];Saint Mars, Dominique de
411;;924;Une année studieuse;Wiazemsky, Anne
419;Bande dessinée ado;913;Pour qui tu te prends ? [Texte imprimé];Delaf
436;Livre jeunesse;886;La maison de Barbapapa [Texte imprimé];Tison, Annette
437;Livre jeunesse;886;Bébés chouettes [Texte imprimé];Waddell, Martin
440;Bande dessinée jeunesse;881;Le Crabe aux pinces d'or [Texte imprimé];Hergé
444;Livre jeunesse;870;Max et les Maximonstres [Texte imprimé];Sendak, Maurice
448;Bande dessinée jeunesse;867;Un amour de potache [Texte imprimé];Godi, Bernard
450;Bande dessinée jeunesse;864;Chantier interdit [Texte imprimé];Pommaux, Yvan
453;Bande dessinée jeunesse;861;Enquete d'amour [Texte imprimé];Pommaux, Yvan
456;Bande dessinée jeunesse;859;L'étrange réveil du Schtroumpf paresseux [Texte imprimé];Peyo
460;Bande dessinée ado;853;J'irai voir Venise [Texte imprimé];Lyfoung, Patricia
462;;853;La rose écarlate. 7. Tu seras toujours à moi;Lyfoung, Patricia
466;Livre adulte;850;L'enfant allemand;Läckberg, Camilla
468;Bande dessinée jeunesse;842;Le grand fossé [Texte imprimé];Uderzo, Albert
469;Bande dessinée adulte;839;Le temple du soleil [Texte imprimé];Hergé
471;Livre sonore jeunesse;834;L'anniversaire de Coco [Multimédia multisupport];Du Bouchet, Paule
488;Livre jeunesse;820;Le géant de Zéralda [Texte imprimé];Ungerer, Tomi
491;Livre jeunesse;818;Max a la passion du foot [Texte imprimé];Saint Mars, Dominique de
493;Bande dessinée jeunesse;816;Le petit Spirou. 15. Tiens-toi droit !;Tome
675;Bande dessinée ado;693;Gaston. 2 [Texte imprimé];Franquin, André
703;Bande dessinée jeunesse;680;Chi, une vie de chat. 1;Konami, K.
714;Livre sonore jeunesse;675;Le pyjama de Coco [Multimédia multisupport];Du Bouchet, Paule
749;Bande dessinée jeunesse;658;SOS éléphants [Texte imprimé];Pommaux, Yvan
751;Bande dessinée ado;656;Naruto. 20 [Texte imprimé];Kishimoto, Masashi
754;Bande dessinée adulte;654;Asterix en Corse [Texte imprimé];Goscinny, René
757;Bande dessinée ado;652;Je savais que je te rencontrerais [Texte imprimé];Lyfoung, Patricia
761;Bande dessinée jeunesse;650;Attaque à Ithaque [Texte imprimé];Pommaux, Yvan
763;Revue adulte;649;Vibrations [texte imprimé] : le magazine de la world du jazz et du rap;
766;Livre jeunesse;648;Papa pousse [Texte imprimé];Le Saux, Alain
767;Bande dessinée ado;648;Bataille décisive à Alubarna [Texte imprimé];Oda, Eiichiro
768;Livre jeunesse;648;Tous en scène !;Corbeyran, Eric
770;Livre jeunesse;646;Cubes surprises;Yonezu, Yusuke
774;Bande dessinée ado;643;Gaston. 9 [Texte imprimé];Franquin, André
779;Bande dessinée adulte;642;Polina;Vivès, Bastien
780;;642;Les anges de New York;Ellory, Roger Jon
885;Livre jeunesse;599;Maman Quichon se fâche [Texte imprimé];Vaugelade, Anaïs
886;Livre adulte;599;Les revenants;Kasischke, Laura
891;Bande dessinée ado;597;Gaston. 5 [Texte imprimé];Franquin, André
907;Livre jeunesse;593;Paris;Ledu, Stéphanie
919;Bande dessinée ado;588;Utopie [Texte imprimé];Oda, Eiichiro
920;Bande dessinée adulte;587;La serpe d'or [Texte imprimé];Goscinny, René
927;Nouveauté;585;Largo Winch. 17. Mer Noire;
929;Nouveauté;585;La mort s'invite à Pemberley : roman;James, Phyllis Dorothy
940;Bande dessinée jeunesse;582;Boule & Bill : super protecteurs des animaux;Roba
948;Livre jeunesse;579;Le voyage de l'escargot [Texte imprimé];Brown, Ruth
950;Bande dessinée jeunesse;578;La cousine Manga [Texte imprimé];Guibert, Emmanuel
955;Nouveauté;577;Theodore Boone : l'enlèvement;Grisham, John
956;Bande dessinée ado;576;Fruits basket. Volume 1 [Texte imprimé] : une corbeille de fruits;Takaya, Natsuki
959;Bande dessinée ado;575;Naruto. 34 [Texte imprimé];Kishimoto, Masashi
960;Bande dessinée ado;575;Naruto. 28 [Texte imprimé];Kishimoto, Masashi
969;Bande dessinée ado;572;La légende du héros [Texte imprimé];Oda, Eiichiro
974;Bande dessinée ado;571;Naruto. 29 [Texte imprimé];Kishimoto, Masashi
984;Livre jeunesse;566;Je veux des pâtes ! [Texte imprimé];Blake, Stéphanie
992;Bande dessinée jeunesse;562;Emeutes à New York [Texte imprimé];Cauvin, Raoul
994;Bande dessinée jeunesse;562;Le vaccin à réaction [Texte imprimé];Guibert, Emmanuel
501;Bande dessinée jeunesse;808;Boing ! Boing ! Bunk ! [Texte imprimé];Midam
505;Bande dessinée adulte;806;Fairy Tail. 15;Mashima, Hiro
506;;806;L'appel de l'ange : roman;Musso, Guillaume
515;Livre ado;799;Hunger games [Texte imprimé];Collins, Suzanne
517;Bande dessinée jeunesse;797;Moi, gourmand ? [Texte imprimé];Davis, Jim
520;Livre jeunesse;796;L'arbre de Barbapapa [Texte imprimé];Tison, Annette
534;Bande dessinée jeunesse;781;Terrain minets [Texte imprimé];Laudec
536;Bande dessinée jeunesse;778;Max part en classe verte [Texte imprimé];Saint Mars, Dominique de
544;Livre jeunesse;773;L'arche de Barbapapa [Texte imprimé];Tison, Annette
551;Nouveauté;764;Les dix enfants que madame Ming n'a jamais eus [Texte imprimé];Schmitt, Éric-Emmanuel
552;Bande dessinée jeunesse;763;Devine qui vient dîner ce soir ? [Texte imprimé];Davis, Jim
555;Bande dessinée adulte;761;Un amour de lapin [Texte imprimé];Davis, Jim
559;Bande dessinée jeunesse;757;Fauve qui peut !;Kox, Daniel
560;Bande dessinée adulte;757;Fairy Tail. 18;Mashima, Hiro
579;Revue jeunesse;744;Petites mains [texte imprimé] : le magazine d'éveil créatif à partir de 3 ans;
585;Bande dessinée ado;739;Fairy Tail. 7;Mashima, Hiro
612;Bande dessinée jeunesse;721;Traque à Montmartre [Texte imprimé];Pommaux, Yvan
613;Livre jeunesse;721;Ma voiture [Texte imprimé];Barton, Byron
628;Bande dessinée adulte;713;Aya de Yopougon. 3 [Texte imprimé];Abouet, Marguerite
639;Nouveauté;708;Métronome [Texte imprimé] : l'histoire de France au rythme du métro parisien;Deutsch, Lorant
643;Livre jeunesse;705;Petit-Bleu et Petit-Jaune [Texte imprimé] : une histoire pour Pippo, Ann et tous les enfants;Lionni, Leo
644;Revue jeunesse;705;Consoles + [texte imprimé];
650;Bande dessinée jeunesse;703;Sang pour sang [Texte imprimé];Gilson, François
655;Bande dessinée jeunesse;701;Tête à claques [Texte imprimé];Bertschy
681;Livre adulte;690;Les heures souterraines : roman;Vigan, Delphine de
683;Livre jeunesse;688;Barbapapa sur Mars [Texte imprimé];Tison, Annette
690;Bande dessinée jeunesse;685;Comme les doigts de la main;Corbeyran
697;Revue adulte;681;La Maison écologique [texte imprimé] : magazine pratique de l'habitat sain et des énergies renouvelables appliquées;
723;Bande dessinée jeunesse;673;Fais de beaux rêves ! [Texte imprimé];Tome
734;Bande dessinée jeunesse;669;Gare au loup [Texte imprimé] : cinq histoires courtes;Pommaux, Yvan
744;Bande dessinée jeunesse;661;L'homme aux mouettes [Texte imprimé];Pommaux, Yvan
746;Bande dessinée ado;659;Gaston. 1 [Texte imprimé];Franquin, André
792;Bande dessinée jeunesse;638;Bride stories. 1;Mori, Kaoru
794;Livre jeunesse;637;Toc ! Toc ! Qui est là ? [Texte imprimé];Grindley, Sally
795;Bande dessinée jeunesse;636;Les griffes de l'ours [Texte imprimé];Derib
802;Livre jeunesse;632;Où est Charlie ? Le voyage fantastique [Texte imprimé];Handford, Martin
803;Bande dessinée jeunesse;631;OK, let's stand up ! [Texte imprimé];Oda, Eiichiro
807;;630;L'oligarchie des incapables;Coignard, Sophie
811;Nouveauté;628;Crépuscule;Cunningham, Michael
817;Livre jeunesse;625;Le petit déjeuner de la famille Souris [Texte imprimé];Iwamura, Kazuo
821;Livre jeunesse;624;Yakari et Longues-Oreilles [Texte imprimé];Derib
828;Livre jeunesse;618;Bloub bloub bloub [Texte imprimé];Kasano, Yuichi
837;Bande dessinée jeunesse;616;La vengeance du prince Melcar [Texte imprimé];Pommaux, Yvan
838;Revue jeunesse;616;JE LIS DES HISTOIRES VRAIES 2009;
845;Nouveauté;613;Une forme de vie;Nothomb, Amélie
856;Bande dessinée ado;608;Rébellion [Texte imprimé];Oda, Eiichiro
857;Revue adulte;608;Espresso [texte imprimé];
874;Bande dessinée jeunesse;604;Chaud et froid [Texte imprimé];Laudec
878;Bande dessinée jeunesse;602;Le prophète [Texte imprimé];Nordmann, Patrick
906;Bande dessinée jeunesse;593;Tremblez, carcasses [Texte imprimé];Cohen, Jacqueline
910;Revue jeunesse;592;Gu shi hui = ??? [Texte imprimé];
912;Bande dessinée adulte;591;Astérix et la rentrée gauloise [Texte imprimé] : Goscinny et Uderzo;Goscinny, René
914;Nouveauté;591;Avenue des géants;Dugain, Marc
916;Bande dessinée jeunesse;590;Zélie et compagnie [Texte imprimé] : en avant toute !;Corbeyran
922;Livre jeunesse;586;Blaise et le château d'Anne Hiversère [Texte imprimé];Ponti, Claude
6;Revue adulte;14051;Elle [texte imprimé] : l'hebdomadaire de la femme : tous les mercredis;
8;Revue jeunesse;9155;Les Belles histoires [texte imprimé];
17;Revue adulte;6878;L'Express [texte imprimé];
26;Revue adulte;5879;Vocable [texte imprimé] : anglais;
32;Revue adulte;4390;Le Journal de la maison [texte imprimé];
33;Revue adulte;4299;Femme actuelle [texte imprimé];
37;Revue adulte;4174;Capital [texte imprimé] : l'essentiel de l'économie;
40;Revue adulte;4070;La Recherche [texte imprimé];
56;Revue jeunesse;3020;Picsou magazine [texte imprimé];
63;Revue adulte;2743;Art et décoration [texte imprimé] : revue mensuelle d'art moderne...;
64;Revue adulte;2689;Saveurs [texte imprimé];
75;Revue adulte;2488;Marie Claire idées [texte imprimé];
91;Revue adulte;2257;Books [texte imprimé] : l'actualité par les livres du monde;
94;Revue adulte;2209;Pour la science [texte imprimé];
99;Revue jeunesse;2172;Je lis déjà [texte imprimé];
105;Revue jeunesse;2069;Kids' Mania;
106;Revue jeunesse;2064;Picoti [texte imprimé] : pour les bébés poussins : à partir de 9 mois;
113;Revue adulte;1961;Réponses photo [texte imprimé];
119;Revue adulte;1932;Cahiers du cinéma [texte imprimé];
120;Revue ado;1931;Anime land [texte imprimé] : le magazine français de l'animation;
126;Bande dessinée jeunesse;1841;Lili fait sa commandante;Saint-Mars, Dominique de
136;Bande dessinée jeunesse;1766;Abracada...boum ! [Texte imprimé];Cohen, Jacqueline
138;Bande dessinée jeunesse;1765;Poux, papous et pas papous [Texte imprimé];Cohen, Jacqueline
139;Bande dessinée jeunesse;1756;Max et Lili aident les enfants du monde [Texte imprimé];Saint-Mars, Dominique de
140;Bande dessinée jeunesse;1755;Les premiers de la casse [Texte imprimé];Cohen, Jacqueline
158;Livre jeunesse;1641;Max embête les filles [Texte imprimé];Saint-Mars, Dominique de
159;Bande dessinée jeunesse;1634;Lili se trouve moche [Texte imprimé];Saint Mars, Dominique de
165;Revue jeunesse;1599;"Cheval star [texte imprimé] ; [dir. publ. Bernard Chehu]";
167;Bande dessinée jeunesse;1590;Les mabouls déboulent ! [Texte imprimé];Cohen, Jaqueline
175;Bande dessinée jeunesse;1553;Lili veut choisir ses habits [Texte imprimé];Saint Mars, Dominique de
178;Livre jeunesse;1542;Max adore jouer [Texte imprimé];Saint Mars, Dominique de
185;Revue adulte;1522;Parents [texte imprimé];
196;Bande dessinée jeunesse;1486;Max fait pipi au lit [Texte imprimé];Saint-Mars, Dominique de
198;Revue non empruntable;1485;Enfant magazine [texte imprimé];
204;Bande dessinée jeunesse;1462;Lili a été suivie [Texte imprimé];Saint Mars, Dominique de
207;Bande dessinée jeunesse;1458;Frères ennemis [Texte imprimé];Sobral, Patrick
219;Revue adulte;1418;Diapason [texte imprimé] : le magazine de la musique classique;
220;Revue adulte;1417;Vocable [texte imprimé] : allemand;
226;Bande dessinée jeunesse;1394;Jérémy est maltraité [Texte imprimé];Saint Mars, Dominique de
228;Bande dessinée jeunesse;1392;Max est casse-cou [Texte imprimé];Saint Mars, Dominique de
236;Bande dessinée jeunesse;1354;Un enfant chez les schtroumpfs [Texte imprimé];Díaz Vizoso, Miguel
242;Bande dessinée jeunesse;1340;Lili a peur des contrôles [Texte imprimé];Saint Mars, Dominique de
253;Livre jeunesse;1315;Max et Koffi sont copains [Texte imprimé];Saint Mars, Dominique de
262;Bande dessinée jeunesse;1277;Le cycle d'Anathos : renaissance;Sobral, Patrick
263;Revue adulte;1275;Pleine vie [texte imprimé] : le magazine des couleurs du temps;
274;Revue adulte;1247;DBD [texte imprimé] : vous ne lirez plus jamais la bande dessinée comme avant;
276;Bande dessinée jeunesse;1243;L'as des pitres [Texte imprimé];Coppée, Thierry
291;Bande dessinée adulte;1205;Astérix aux Jeux Olympiques [Texte imprimé];Goscinny, René
295;Bande dessinée adulte;1193;Vol 714 pour Sydney [Texte imprimé];Hergé
300;Revue jeunesse;1189;Shan hai jing = ??? [Texte imprimé] : Ren sheng ji shi = ???? : gu shi qi wen = ????;
304;Revue jeunesse;1160;Cosinus [texte imprimé] : à partir du collège;
309;Bande dessinée adulte;1136;Le lotus bleu [Texte imprimé];Hergé
314;Bande dessinée adulte;1124;Astérix et le chaudron [Texte imprimé];Goscinny, René
316;;1124;Les Légendaires. 14. L'héritage du mal;Sobral, Patrick
322;Bande dessinée adulte;1103;L'affaire Tournesol [Texte imprimé];Hergé
326;Bande dessinée adulte;1093;Coke en stock [Texte imprimé];Hergé
331;Revue adulte;1081;Manière de voir [texte imprimé];
339;Livre jeunesse;1063;Qu'est-ce qu'il a ?;Laudec
361;Bande dessinée adulte;1015;Le cadeau de César [Texte imprimé];Goscinny, René
363;Nouveauté;1014;Betty;Arnaldur Indridason
365;Bande dessinée jeunesse;1004;Astérix et Latraviata [Texte imprimé];Uderzo, Albert
369;Revue adulte;995;L'Equipe magazine [texte imprimé];
370;Livre adulte;993;La reine dans le palais des courants d'air [Texte imprimé];Larsson, Stieg
374;Bande dessinée jeunesse;987;Max a une amoureuse [Texte imprimé];Saint Mars, Dominique de
375;Revue adulte;985;Terra eco [texte imprimé] : le magazine du développement durable;
387;Bande dessinée ado;962;Je serai toujours avec toi;Lyfoung, Patricia
404;Bande dessinée ado;936;Duel de belles;Delaf
406;Revue adulte;933;[Maison & travaux] [texte imprimé];
413;Nouveauté;920;Tuer le père : roman;Nothomb, Amélie
420;;912;Journal d'un corps;Pennac, Daniel
424;;906;Freedom;Franzen, Jonathan
426;;903;Veuf;Fournier, Jean-Louis
429;Bande dessinée jeunesse;899;Main du futur [Texte imprimé];Sobral, Patrick
432;Revue adulte;894;A vivre [texte imprimé] : architectures : le magazine de la maison;
433;CD jeunesse;894;Coco et le bébé [Texte imprimé];Du Bouchet, Paule
447;Bande dessinée jeunesse;867;C'est magique ! [Texte imprimé];Cohen, Jacqueline
461;Livre jeunesse;853;En ville avec Mimi;Cousins, Lucy
463;Livre jeunesse;852;Grosse colère [Texte imprimé];Allancé, Mireille d'
465;Bande dessinée jeunesse;850;Papa a de la classe [Texte imprimé];Laudec
472;Bande dessinée jeunesse;832;Les schtroumpfs olympiques [Texte imprimé];Peyo
475;Revue jeunesse;831;Les P'tites princesses [texte imprimé] : [le premier magazine des petites filles d'aujourd'hui qui aiment les histoires, les activités et...s'amuser!];
476;Bande dessinée jeunesse;830;Ariol [Texte imprimé] : le chevalier cheval;Guibert, Emmanuel
477;Revue jeunesse;830;J'AIME LIRE 2008 [Texte imprimé];
479;Livre jeunesse;829;Grrr ! [Texte imprimé];Maubille, Jean
486;Bande dessinée jeunesse;822;Fairy Tail. 11;Mashima, Hiro
495;Bande dessinée jeunesse;814;Photo fatale [Texte imprimé];Pommaux, Yvan
739;Livre jeunesse;665;Quel chantier ! [Texte imprimé];Delebecque, François
740;Bande dessinée ado;665;Un chemin en pente raide [Texte imprimé];Oda, Eiichiro
743;Nouveauté;664;Le poids des mensonges;MacDonald, Patricia J.
745;Livre jeunesse;660;C'est l'heure du bain, petit lion [Texte imprimé];Gomi, Taro
752;Bande dessinée jeunesse;656;Pleins feux sur le smilodon [Texte imprimé];Pommaux, Yvan
759;Bande dessinée adulte;651;Les lauriers de César [Texte imprimé];Goscinny, René
760;Revue jeunesse;651;ASTRAPI 2009;
771;Nouveauté;645;Portes ouvertes;Rankin, Ian
772;Bande dessinée jeunesse;644;Quelle mouche le pique ? [Texte imprimé];Laudec
775;Bande dessinée ado;642;Naruto. 17 [Texte imprimé];Kishimoto, Masashi
781;Bande dessinée ado;641;Gaston. 13 [Texte imprimé];Franquin, André
784;Revue adulte;641;Management [texte imprimé];
790;Bande dessinée jeunesse;638;Halloween [Texte imprimé];Gilson, François
804;Bande dessinée ado;631;Naruto. 9 [Texte imprimé];Kishimoto, Masashi
825;Bande dessinée ado;620;Gaston. 7 [Texte imprimé];Franquin, André
826;Bande dessinée jeunesse;620;Va au panier [Texte imprimé];Davis, Jim
827;Nouveauté;620;Sans un adieu;Coben, Harlan
829;Bande dessinée ado;618;L'aventure de Vivi [Texte imprimé];Oda, Eiichiro
835;Bande dessinée adulte;616;Tout schuss [Texte imprimé];Davis, Jim
936;Bande dessinée ado;582;Naruto. 7 [Texte imprimé];Kishimoto, Masashi
938;CD jeunesse;582;Coco et les bulles de savon [Enregistrement sonore];Aboulker, Isabelle
945;Livre adulte;581;Le scandale Modigliani;Follett, Ken
947;Bande dessinée ado;580;Davy back fight !! [Texte imprimé];Oda, Eiichiro
498;Bande dessinée ado;811;A l'aube d'une grande aventure [Texte imprimé];Oda, Eiichiro
